-- phpMyAdmin SQL Dump
-- version 3.5.8.2
-- http://www.phpmyadmin.net
--
-- Host: localhost
-- Generation Time: Feb 13, 2015 at 04:18 PM
-- Server version: 5.5.38-0+wheezy1-log
-- PHP Version: 5.4.4-14+deb7u12

SET SQL_MODE="NO_AUTO_VALUE_ON_ZERO";
SET time_zone = "+00:00";


/*!40101 SET @OLD_CHARACTER_SET_CLIENT=@@CHARACTER_SET_CLIENT */;
/*!40101 SET @OLD_CHARACTER_SET_RESULTS=@@CHARACTER_SET_RESULTS */;
/*!40101 SET @OLD_COLLATION_CONNECTION=@@COLLATION_CONNECTION */;
/*!40101 SET NAMES utf8 */;

--
-- Database: `watching`
--

-- --------------------------------------------------------

--
-- Table structure for table `films`
--

CREATE TABLE IF NOT EXISTS `films` (
  `id` int(11) NOT NULL AUTO_INCREMENT,
  `name` varchar(255) NOT NULL,
  `timestamp` int(200) DEFAULT NULL,
  `user_id` int(11) NOT NULL,
  `place` varchar(500) NOT NULL,
  `favorite` int(11) NOT NULL,
  PRIMARY KEY (`id`),
  KEY `user_id` (`user_id`)
) ENGINE=InnoDB  DEFAULT CHARSET=utf8 AUTO_INCREMENT=558 ;

--
-- Dumping data for table `films`
--

INSERT INTO `films` (`id`, `name`, `timestamp`, `user_id`, `place`, `favorite`) VALUES
(50, 'Jeeves and Wooster s02e03', 1390328368, 31, '', 0),
(53, 'Jeeves and Wooster s02e03', 1390328653, 30, '', 0),
(54, 'Rick and Morty s01e04', 1390497806, 31, '', 0),
(57, 'The Late Late Show with Craig Ferguson - 2013.01.21', 1390585693, 30, '', 0),
(62, 'Jersey Girl', 1390597049, 31, '', 0),
(63, 'терминатор', 1390597341, 0, '', 0),
(64, 'Jeeves and Wooster s03e01', 1390845544, 30, '', 0),
(66, 'Jeeves and Wooster s03e01', 1390845883, 31, '', 0),
(68, 'The Proposal (2009)', 1391022668, 30, '', 0),
(69, 'Rick and Morty s01e05', 1391027016, 31, '', 0),
(70, 'Jeeves and Wooster s03e03', 1391109104, 31, '', 0),
(71, 'Jeeves and Wooster s03e03', 1391109189, 30, '', 0),
(72, 'How I Met Your Mother s09e14', 1391194796, 31, '', 0),
(73, 'How I Met Your Mother s09e15', 1391196785, 31, '', 0),
(90, 'The Lone Ranger ', 1391271580, 30, '', 0),
(91, 'The Lone Ranger', 1391271719, 31, '', 0),
(116, 'The Fifth Estate', 1391359622, 30, '', 0),
(117, 'The Fifth Estate', 1391359899, 31, '', 0),
(119, 'Rick and Morty s01e06', 1391449423, 31, '', 0),
(120, 'The Late Late Show with Craig Ferguson - 2013.01.31 ', 1391529207, 30, '', 0),
(124, 'Jeeves and Wooster s03e04', 1391624795, 30, '', 0),
(125, ' Jeeves and Wooster s03e04', 1391624811, 31, '', 0),
(126, 'How I Met Your Mother s09e16', 1391716855, 31, '', 0),
(132, 'How I Met Your Mother s09e17', 1391871929, 31, '', 0),
(133, 'XXII Зимние Олимпийские Игры 2014 / Церемония открытия', 1391880318, 31, '', 0),
(134, 'XXII Зимние Олимпийские Игры 2014 / Церемония открытия', 1391880406, 30, '', 0),
(135, 'Jeeves and Wooster s03e05', 1391954567, 31, '', 0),
(136, 'Cloudy with a Chance of Meatballs II ', 1391970443, 30, '', 0),
(137, 'Cloudy with a Chance of Meatballs II', 1391970548, 0, '', 0),
(139, 'Jeeves and Wooster s03e06', 1392144977, 31, '', 0),
(140, 'Jeeves and Wooster s04e01', 1392316598, 31, '', 0),
(141, 'Jeeves and Wooster s04e01', 1392316767, 30, '', 0),
(142, 'Haunter (2013)', 1392406352, 32, '', 0),
(144, 'Chasing Amy', 1392487230, 31, '', 0),
(145, 'Jeeves and Wooster s04e02', 1392489489, 31, '', 0),
(146, 'Jeeves and Wooster s04e03', 1392575830, 31, '', 0),
(148, 'Jeeves and Wooster s04e04', 1392661029, 31, '', 0),
(149, 'Jeeves and Wooster s04e04', 1392661090, 30, '', 0),
(150, 'Елки 3', 1392747508, 30, '', 0),
(151, 'Ёлки 3', 1392749274, 31, '', 0),
(152, 'L''opération Corned-Beef 1991', 1392758714, 32, '', 0),
(153, 'True Detective (2014)', 1392845854, 32, '', 1),
(154, 'Jeeves and Wooster s04e05', 1393007468, 31, '', 0),
(155, 'Jeeves and Wooster s04e05', 1393007538, 30, '', 0),
(156, 'Jeeves and Wooster s04e06', 1393089806, 31, '', 0),
(157, 'Jeeves and Wooster s04e06', 1393089853, 30, '', 0),
(158, 'Быстрее, чем кролики', 1393176682, 31, '', 0),
(159, 'Быстрее, чем кролики', 1393176726, 30, '', 0),
(160, 'Frozen (2013)', 1393355076, 30, '', 0),
(161, 'Frozen', 1393355142, 31, '', 0),
(162, 'survivorman', 1393355590, 0, '', 0),
(166, 'Friends', 1393364972, 33, '', 0),
(168, 'Brave', 1393527495, 31, '', 0),
(169, 'Brave', 1393529440, 30, '', 0),
(170, 'How to Steal a Million', 1393620353, 31, '', 0),
(171, 'How I Met Your Mother s09e18', 1393784093, 31, '', 0),
(172, 'How to Steal a Million', 1393960616, 30, '', 0),
(173, '86-я церемония вручения премии «Оскар»', 1394041772, 30, '', 0),
(174, 'Harry Potter and the Deathly Hallows: Part 1', 1394311462, 31, '', 0),
(175, 'How I Met Your Mother s09e19', 1394344295, 31, '', 0),
(176, 'Metalocalypse: The Doomstar Requiem', 1394724231, 31, '', 0),
(177, 'Zack and Miri Make a Porno', 1394726337, 0, '', 0),
(178, 'Rick and Morty s01e07', 1395060901, 31, '', 0),
(179, 'How I Met Your Mother s09e20', 1395175158, 31, '', 0),
(180, 'Rick and Morty s01e08', 1395489453, 31, '', 0),
(181, 'Ветер крепчает', 1395515954, 31, '', 0),
(183, 'How I Met Your Mother s09e21', 1395519953, 31, '', 0),
(184, 'Inside Llewyn Davis (2013)', 1395606150, 32, '', 1),
(189, 'A Bit of Fry and Laurie pilot', 1395688579, 31, '', 0),
(190, 'A bit of Fry & Laurie', 1395689359, 30, '', 0),
(192, 'A Bit of Fry and Laurie s01e01', 1395776316, 31, '', 0),
(193, 'A Bit of Fry and Laurie s01e01', 1395776409, 30, '', 0),
(194, 'A Bit of Fry and Laurie s01e02', 1395859317, 31, '', 0),
(195, 'A Bit of Fry and Laurie s01e02', 1395859360, 30, '', 0),
(196, 'A Bit of Fry and Laurie s01e03', 1395946423, 31, '', 0),
(197, 'Воздушный маршал', 1396086570, 31, '', 0),
(198, 'How I Met Your Mother s09e22', 1396091613, 31, '', 0),
(199, 'Snowpiercer', 1396103680, 31, '', 0),
(200, 'Rick and Morty s01e09', 1396127566, 31, '', 0),
(201, 'A Bit of Fry and Laurie s01e03', 1396202771, 30, '', 0),
(202, 'A Bit of Fry and Laurie s01e04', 1396285368, 31, '', 0),
(203, 'A Bit of Fry and Laurie s01e04', 1396285385, 30, '', 0),
(204, 'A Bit of Fry and Laurie s01e05', 1396287264, 31, '', 0),
(205, 'A Bit of Fry and Laurie s01e06', 1396376059, 31, '', 0),
(206, 'A Bit of Fry and Laurie s02e01', 1396513949, 31, '', 0),
(207, 'A Bit of Fry and Laurie s02e02', 1396893138, 31, '', 0),
(208, 'A Bit of Fry and Laurie s02e03', 1396984321, 31, '', 0),
(209, 'A Bit of Fry and Laurie s02e04', 1397066469, 31, '', 0),
(210, 'How I Met Your Mother s09e23-24', 1397076372, 31, '', 0),
(211, 'The World''s End', 1397275941, 31, '', 0),
(212, 'Captain America: The Winter Soldier', 1397322162, 31, '', 0),
(213, 'Rick and Morty s01e10', 1397322335, 31, '', 0),
(214, 'A Bit of Fry and Laurie s02e05', 1397324064, 31, '', 0),
(215, 'A Bit of Fry and Laurie s02e05', 1397326011, 30, '', 0),
(216, 'A Bit of Fry and Laurie s02e06', 1397400918, 31, '', 0),
(217, 'Game of Thrones s04e01', 1397500090, 31, '', 0),
(218, 'A Bit of Fry and Laurie s03e01', 1397674855, 31, '', 0),
(219, 'A Bit of Fry and Laurie s03e01', 1397675029, 30, '', 0),
(220, 'Mythbusters.S13E01.Star.Wars.Special.Jetvis.Studio', 1397843874, 30, '', 0),
(221, 'Rick and Morty s01e11', 1397912502, 31, '', 0),
(222, 'A Bit of Fry and Laurie s03e02', 1397931081, 31, '', 0),
(223, 'A Bit of Fry and Laurie s03e02', 1397931152, 30, '', 0),
(224, 'A Bit of Fry and Laurie s03e03', 1398015472, 31, '', 0),
(226, 'Game of Thrones s04e02', 1398020506, 31, '', 0),
(227, 'Silicon Valley s01e01', 1398076772, 31, '', 0),
(228, 'Silicon Valley s01e02', 1398079270, 31, '', 0),
(229, 'A Bit of Fry and Laurie s03e04', 1398099659, 31, '', 0),
(230, 'Silicon Valley s01e01', 1398189125, 30, '', 1),
(231, 'Game of Thrones s04e03', 1398227943, 31, '', 0),
(232, 'A Bit of Fry and Laurie s03e05', 1398273201, 31, '', 0),
(233, 'A Bit of Fry and Laurie s03e06', 1398364702, 31, '', 0),
(234, 'Silicon Valley s01e02', 1398449364, 30, '', 1),
(235, 'Silicon Valley s01e03', 1398523424, 31, '', 0),
(238, 'The Amazing Spider-Man 2', 1398623209, 31, '', 0),
(239, 'A Bit of Fry and Laurie s04e01', 1398623269, 31, '', 0),
(240, 'Silicon Valley s01e04', 1398792962, 31, '', 0),
(241, 'Silicon Valley s01e04', 1398793030, 30, '', 1),
(242, 'A Bit of Fry and Laurie s04e02', 1399131814, 31, '', 0),
(243, 'Princess Mononoke', 1399132929, 31, '', 0),
(244, 'Gremlins', 1399220483, 31, '', 0),
(245, 'Gremlins', 1399221142, 30, '', 0),
(246, 'The Spy Who Came in from the Cold', 1399226849, 32, '', 0),
(247, 'The Double, Двойник (2013)', 1399315895, 30, '', 1),
(248, 'The Double', 1399395380, 31, '', 0),
(249, 'Silicon Valley s01e05', 1399570698, 30, '', 1),
(250, 'Silicon Valley s01e05', 1399570741, 31, '', 0),
(251, 'Game of Thrones s04e04', 1399638573, 31, '', 0),
(252, 'Nausicaä of the Valley of the Wind', 1399735220, 31, '', 0),
(253, 'The Lego Movie', 1399809009, 32, '', 0),
(254, 'The Lego Movie', 1399825988, 31, '', 0),
(255, 'The Lego Movie', 1399826051, 30, '', 0),
(256, 'The Incredibles', 1400004391, 31, '', 0),
(257, 'The Incredibles', 1400004438, 30, '', 0),
(258, 'Shuffle (2011)', 1400083894, 30, '', 0),
(259, 'Game of Thrones s04e05', 1400095004, 31, '', 0),
(260, 'Game of Thrones s04e06', 1400095249, 31, '', 0),
(261, 'Silicon Valley s01e06', 1400265791, 30, '', 1),
(262, 'Godzilla', 1400310830, 31, '', 0),
(263, 'Vijay and I', 1400439793, 32, '', 0),
(264, 'Silicon Valley s01e06', 1400522418, 31, '', 0),
(265, 'Silicon Valley s01e07', 1400524172, 31, '', 0),
(266, 'Silicon Valley s01e07', 1400524232, 30, '', 1),
(267, 'The Secret of Kells', 1400605823, 31, '', 0),
(268, 'The Secret of Kells', 1400605854, 30, '', 0),
(269, 'The Kingdom', 1400606314, 32, '', 0),
(270, 'Fargo S1E6', 1400684687, 32, '', 0),
(271, 'jOBS', 1400694964, 31, '', 0),
(272, 'jOBS', 1400695048, 30, '', 0),
(273, 'Dial M For Murder (1954)', 1400770887, 32, '', 0),
(274, '8½ (1963)', 1400859114, 32, '', 0),
(275, 'How to Steal a Million (1966)', 1401209321, 32, '', 1),
(276, 'Whisper of the Heart', 1401212895, 31, '', 0),
(277, 'Whisper of the Heart', 1401212975, 30, '', 0),
(278, 'Escape from Planet Earth', 1401303188, 31, '', 0),
(279, 'The Nut Job (2013)', 1401304842, 32, '', 0),
(280, 'Battletoads', 1401374344, 31, '', 0),
(281, 'Captain America: The Winter Soldier', 1401462233, 32, '', 0),
(282, 'Believe s01e06', 1401549158, 30, '', 0),
(283, 'M (1931)', 1401552823, 32, '', 0),
(284, 'Believe s01e08', 1401610063, 30, '', 0),
(285, 'Lynda.com "HTML5 Structure Syntax and Semantics"', 1401621762, 30, '', 0),
(287, 'Столетний старик, который вылез в окно и исчез (2013)', 1401652544, 32, '', 0),
(288, 'Silicon Valley s01e08', 1401732658, 30, '', 0),
(289, 'Silicon Valley s01e08', 1401732681, 31, '', 0),
(290, 'The Navigator (1924)', 1401811254, 32, '', 0),
(291, 'Game of Thrones s08e04', 1401872077, 0, '', 0),
(292, 'Game of Thrones s08e04', 1401872097, 32, '', 0),
(293, 'X-Men: Days of Future Past', 1401897943, 30, 'Palladium Cinema', 0),
(294, 'X-Men: Days of Future Past (2014)', 1401900129, 32, '', 0),
(296, 'X-Men: Days of Future Past', 1401908626, 31, '', 0),
(297, 'Simon''s Cat - Pawtrait', 1401966601, 30, '', 0),
(304, 'Maleficent', 1401983727, 31, '', 0),
(305, 'Maleficent', 1401983829, 30, '"8 1/2" Smart Cinema', 0),
(306, 'Barefoot (2014)', 1402079623, 30, '', 0),
(307, ' Walk of Shame (2014) ', 1402083745, 32, '', 0),
(308, 'Minuscule - La vallée des fourmis perdues (2013)', 1402155405, 32, '', 0),
(309, 'The Grand Budapest Hotel (2014)', 1402161754, 32, '', 1),
(310, 'Minuscule - La vallée des fourmis perdues (2013)', 1402221896, 30, '', 1),
(312, 'Minuscule - La vallée des fourmis perdues', 1402222213, 31, '', 0),
(313, 'X2: X-men United', 1402423463, 30, '', 0),
(314, 'X2: X-men United', 1402423475, 31, '', 0),
(315, 'Believe s01e11', 1402677638, 30, '', 0),
(316, 'Михаил Жванецкий - Юбилейный концерт 2014', 1402752141, 30, '', 0),
(317, 'Подозреваемый (2013)', 1402752980, 32, '', 0),
(323, 'Minuscule. Season 2', 1402766201, 30, 'Home', 0),
(325, 'How to Train Your Dragon 2', 1402934123, 31, '', 0),
(326, 'Как приручить дракона 2', 1402934132, 30, 'Palladium Cinema', 0),
(327, 'Rock of Ages', 1403117909, 31, '', 0),
(328, 'Rock of Ages', 1403118012, 30, '', 0),
(329, 'The Late Late Show with Craig Ferguson - 2014.05.29', 1403195740, 30, '', 0),
(330, 'The Late Late Show with Craig Ferguson - 2014.06.13', 1403197956, 30, '', 0),
(331, 'The Wolf of Wall Street', 1403288126, 31, '', 0),
(332, 'The Wolf of Wall Street', 1403288193, 30, '', 0),
(333, ' The Late Late Show with Craig Ferguson - 2014.06.17', 1403336788, 30, '', 0),
(334, 'The Late Late Show with Craig Ferguson - 2014.06.20', 1403628898, 30, '', 0),
(335, 'Under the skin (2013)', 1403883258, 32, '', 1),
(336, 'Van Wilder', 1404060658, 31, '', 0),
(337, 'Van Wilder', 1404060696, 30, '', 0),
(338, 'Ведьмы из Сугаррамурди', 1404237593, 30, '', 0),
(339, 'Las brujas de Zugarramurdi', 1404241309, 31, '', 0),
(340, 'A Million Ways to Die in the West (2014)', 1404339270, 32, '', 1),
(342, 'Rise of the Planet of the Apes (2011)', 1404578382, 32, '', 0),
(344, 'Wallace and Gromit: A Grand Day Out', 1404758303, 31, '', 0),
(345, 'Wallace and Gromit: A Grand Day Out', 1404758435, 30, '', 0),
(347, 'Wallace and Gromit: The Wrong Trousers', 1404843137, 30, '', 0),
(348, 'Wallace and Gromit: The Wrong Trousers', 1404843171, 31, '', 0),
(349, 'Wallace and Gromit: A Close Shave', 1404845399, 31, '', 0),
(350, 'Wallace and Gromit: A Close Shave', 1404845553, 30, '', 0),
(351, 'Scarface (1983)', 1404924441, 32, '', 0),
(352, 'Wallace and Gromit: A Matter of Loaf and Death', 1405017561, 31, '', 0),
(353, 'Wallace and Gromit''s Cracking Contraptions', 1405017676, 31, '', 0),
(354, 'Wallace and Gromit''s Cracking Contraptions', 1405018491, 30, '', 0),
(355, 'Превосходство', 1405172630, 30, 'Palladium Cinema', 1),
(356, 'Transcendence', 1405182677, 31, '', 0),
(357, 'The Curse of the Were-Rabbit', 1405182721, 31, '', 0),
(358, 'Wallace and Gromit. The Curse of the Were-Rabbit', 1405229562, 30, '', 0),
(359, 'Vikings (2013)', 1405358173, 32, '', 0),
(360, 'Wallace and Gromit''s World of Invention s01e01', 1405361655, 31, '', 0),
(361, 'The Strain (2014)', 1405430424, 32, '', 0),
(362, 'Dagon', 1405446503, 31, '', 0),
(363, 'Stark Raving Mad', 1405767816, 30, '', 0),
(364, 'Stark Raving Mad', 1405767886, 31, '', 1),
(365, 'The Crazies (2010)', 1406138690, 32, '', 1),
(366, 'The Crazies (1973) ', 1406146454, 32, '', 0),
(367, 'L''Enquete Corse', 1406653372, 31, '', 0),
(368, 'The Blacklist', 1406916220, 32, '', 0),
(369, 'Just Like Heaven (2005)', 1406958638, 30, '', 0),
(370, 'Guardians of the galaxy', 1406989758, 30, 'Kronverk Cinema Дафи', 1),
(371, 'Guardians of the galaxy', 1406989826, 31, 'Kronverk Cinema Дафи', 0),
(372, 'Guardians of the Galaxy', 1407002398, 32, '', 0),
(373, 'Plastic', 1407075207, 31, '', 0),
(374, 'Short Term 12', 1407254806, 30, '', 0),
(375, 'Teenage Mutant Ninja Turtles', 1407654804, 30, 'Мост-кино', 0),
(377, 'Teenage Mutant Ninja Turtles', 1407654895, 31, '', 0),
(385, 'The Signal (2014)', 1408296363, 32, '', 1),
(386, 'Yves Saint Laurent', 1408311887, 30, '', 0),
(387, 'Принцесса Монако', 1408386820, 30, '', 0),
(388, 'Sin City: A Dame to Kill For', 1408637977, 31, '', 0),
(389, 'Boyhood (2014) ', 1408644016, 30, '', 0),
(390, 'Doctor Who: Deep Breath', 1408819791, 30, 'Kronverk Cinema Дафи', 0),
(391, 'Doctor Who: Deep Breath', 1408828623, 31, '', 0),
(392, 'Biended (2014)', 1408897906, 30, '', 0),
(393, 'Doctor Who: Deep Breath (2014)', 1408983100, 32, '', 0),
(394, 'Doctor Who S01E01 (2005)', 1408986380, 32, '', 0),
(395, 'Premonition (2007)', 1408989600, 30, '', 0),
(396, 'The Venture Bros. S1E0 (2004)', 1409045542, 32, '', 0),
(397, 'Doctor Who S01E02 (2005) ', 1409083235, 32, '', 0),
(398, 'The strain S01E07 (2014)', 1409083259, 32, '', 0),
(399, 'Doctor Who S01E03 (2005) ', 1409130648, 32, '', 0),
(400, 'Doctor Who S01E04 (2005) ', 1409157856, 32, '', 0),
(401, 'The Rover (2014)', 1409157898, 32, '', 1),
(402, 'Doctor Who S01E05 (2005) ', 1409223860, 32, '', 0),
(403, 'Doctor Who S01E06 (2005) ', 1409223869, 32, '', 0),
(404, 'Doctor Who S01E07 (2005) ', 1409239007, 32, '', 0),
(406, 'Doctor Who S01E08 (2005) ', 1409311087, 32, '', 0),
(407, 'Doctor Who S01E09 (2005) ', 1409394499, 32, '', 0),
(408, 'Doctor Who S01E10 (2005)', 1409419480, 32, '', 0),
(409, 'Doctor Who S08E02 - Into the Dalek', 1409476316, 30, '', 0),
(414, ' The Late Late Show with Craig Ferguson - 2014.09.01', 1409984542, 30, '', 0),
(417, 'Lucy', 1410095692, 31, '', 0),
(418, 'Lucy (2014)', 1410108284, 32, '', 0),
(419, 'Doctor Who s08e03 Robot of Sherwood', 1410110017, 31, '', 0),
(420, 'Doctor Who s08e03 Robot of Sherwood', 1410110017, 30, '', 0),
(429, 'The Late Late Show with Craig Ferguson - 2014.09.08', 1410372747, 30, '', 0),
(430, 'The Late Late Show with Craig Ferguson - 2014.09.05', 1410541334, 30, '', 0),
(431, 'Doctor Who S08E04 - Listen', 1410800914, 31, '', 0),
(432, 'Doctor Who S08E04 - Listen', 1410803834, 30, '', 0),
(433, 'The Simpsons - Steal This Episode', 1410891810, 0, '', 0),
(434, 'A Million Ways to Die in the West (2014)', 1411305163, 30, '', 0),
(437, 'Doctor Who S08E05 - Time Heist', 1411404428, 31, '', 0),
(438, 'Doctor Who S08E05 - Time Heist', 1411406403, 30, '', 0),
(439, 'Cashback (2006)', 1411667628, 30, '', 0),
(440, 'Celebrity Name Game [S01E01]', 1411754656, 30, '', 0),
(441, 'Edge Of Tomorrow', 1411830524, 31, '', 0),
(442, 'Edge Of Tomorrow', 1411830690, 30, '', 0),
(443, 'Batman: Assault On Arkham (2014)', 1411902490, 32, '', 0),
(444, 'My Blueberry Nights (2007)', 1411920318, 30, '', 0),
(445, 'The Maze Runner (2014)', 1411929155, 32, '', 0),
(446, 'A Million Ways to Die in the West', 1411930918, 31, '', 0),
(447, 'Doctor Who S08E06 - The Caretaker', 1412182800, 31, '', 0),
(448, 'Doctor Who S08E06 - The Caretaker', 1412182800, 30, '', 0),
(449, 'Moongirl', 1412343647, 31, '', 0),
(450, 'Selfie s01e01 (2014)', 1412355404, 30, '', 1),
(452, 'American Beauty (1999)', 1412403555, 30, '', 0),
(453, 'The Grand Budapest Hotel (2014)', 1412411121, 30, '', 1),
(455, 'The Signal (2014)', 1412508941, 30, '', 0),
(461, 'Doctor Who S08E07 - Kill the Moon', 1412618890, 0, '', 0),
(462, 'Doctor Who S08E07 - Kill the Moon', 1412618949, 31, '', 0),
(463, 'Doctor Who S08E07 - Kill the Moon', 1412619022, 30, '', 0),
(464, 'Divergent (2014)', 1412704187, 30, '', 1),
(465, 'Selfie s01e02', 1412761983, 30, '', 1),
(466, 'The Maze Runner (2014)', 1412783192, 30, '"8 1/2" Smart Cinema', 0),
(467, 'The Maze Runner', 1412783263, 31, '', 0),
(468, 'Doctor Who: Voyage of the Damned', 1413018646, 0, '', 0),
(469, 'Doctor Who: Voyage of the Damned', 1413018699, 31, '', 0),
(470, 'Gone Girl', 1413041873, 30, 'Kronverk Cinema Дафи', 0),
(471, 'Gone girl (2014)', 1413055761, 32, '', 0),
(472, 'Autómata (2014)', 1413056383, 32, '', 1),
(473, 'Homeland S04E03 (2014)', 1413126074, 32, '', 0),
(474, 'Doctor Who: The Snowmen', 1413132890, 31, '', 0),
(475, 'Doctor Who s08e08 Mummy on the Orient Express', 1413309753, 30, '', 0),
(476, 'Doctor Who s08e08 Mummy on the Orient Express', 1413310257, 31, '', 0),
(478, 'Sex Tape', 1413392758, 31, '', 0),
(479, 'Metalhead', 1413572622, 31, '', 0),
(480, 'Revolutionary Road', 1413582363, 30, '', 0),
(482, 'South Park s18e01', 1413621154, 31, '', 0),
(483, 'Wish I Was Here (2014)', 1413622598, 30, '', 0),
(484, 'Трансформеры 4: Эпоха истребления (2014)', 1413647988, 30, '', 0),
(485, 'Filth (2013)', 1413653167, 32, '', 0),
(486, 'Doctor Who S08E09 - Flatline', 1413826271, 31, '', 0),
(487, 'Homeland S04E04', 1413833382, 32, '', 0),
(488, 'Forever S01E01', 1413833391, 32, '', 0),
(489, 'Forever S01E02', 1413833400, 32, '', 0),
(490, 'бруклин', 1413985083, 0, '', 0),
(491, 'хуй', 1414020416, 0, '', 0),
(492, 'Selfie s01e04', 1414231002, 0, '', 0),
(493, 'Chef (2014)', 1414259431, 30, '', 1),
(494, 'Doctor Who S08E10 - The Forest Of The Night', 1414519233, 31, '', 0),
(495, 'South Park s18e02', 1414691407, 31, '', 0),
(496, 'Big hero 6', 1414850411, 31, '', 0),
(497, 'Big hero 6', 1414857814, 30, '', 1),
(498, 'Begin Again', 1414918439, 30, '', 1),
(499, 'Terminator 2', 1414861200, 31, '', 0),
(500, 'МастерШеф S01E01', 1414953827, 32, '', 0),
(501, 'Lucy (2014)', 1415383200, 30, '', 0),
(502, 'Interstellar (2014)', 1415544188, 32, '', 1),
(503, 'Interstellar (2014) ', 1415523600, 30, '', 1),
(504, 'Wag the Dog', 1415644097, 31, '', 0),
(505, 'Interstellar (2014)', 1416087968, 0, '', 0),
(506, 'Big Hero 6 (2014)', 1416761044, 32, '', 0),
(507, 'Predestination', 1416767332, 32, '', 1),
(508, 'Speak (2004)', 1417198460, 30, '', 0),
(509, 'The November Man (2014)', 1417212367, 32, '', 0),
(510, 'Android (2013)', 1417259523, 30, '', 0),
(511, 'If I Stay (2014)', 1417266067, 30, '', 0),
(512, 'Пряности и страсти (2014)', 1417340102, 30, '', 1),
(513, 'The Boxtrolls', 1417367090, 31, '', 0),
(514, 'Over The Garden Wall (2014)', 1417374542, 32, '', 0),
(515, 'Carrie (2013)', 1417545405, 30, '', 0),
(516, 'The Boxtrolls ', 1417453200, 30, '', 0),
(517, 'Garden of Words (2013)', 1417810933, 30, '', 0),
(518, 'A Walk Among the Tombstones (2014)', 1417968508, 32, '', 0),
(519, 'Over the Garden Wall', 1418233953, 31, '', 0),
(520, 'Chicken Run', 1418474905, 31, '', 0),
(521, 'Chicken Run', 1418475217, 30, '', 0),
(522, 'The Late Late Show with Craig Ferguson - 2014.12.09', 1418558320, 0, '', 0),
(524, 'The Late Late Show with Craig Ferguson - 2014.12.09', 1418558433, 30, '', 0),
(525, 'Tim Minchin: Rock n Roll Nerd (2008)', 1418583662, 30, '', 0),
(526, 'Selfie s01e11', 1419015600, 0, '', 0),
(527, 'Numb (2007)', 1419066497, 30, '', 0),
(528, 'Two Night Stand (2014)', 1419085251, 30, '', 0),
(529, 'Once Upon a Time in Norway', 1419255458, 31, '', 0),
(530, 'The Hobbit: The Battle of the Five Armies', 1419267600, 30, 'IMAX', 0),
(531, 'The Interview (2014)', 1419540621, 32, '', 0),
(532, 'Ocean''s Eleven', 1419794541, 0, '', 0),
(533, 'Ocean''s Eleven', 1419794565, 31, '', 0),
(534, 'Облачный Атлас (2012)', 1420371021, 30, '', 1),
(535, 'Ocean''s Twelve', 1420394364, 31, '', 0),
(536, 'Tim Minchin: Ready for this (2010)', 1420402737, 0, '', 0),
(537, 'Tim Minchin: Ready for this (2010)', 1420402766, 30, '', 1),
(538, 'John Wick (2014)', 1420581058, 0, '', 0),
(539, 'John Wick (2014)', 1420581080, 32, '', 0),
(540, 'American sniper (2014)', 1420653950, 32, '', 0),
(541, 'Inherent Vice (2014)', 1420843466, 32, '', 0),
(542, 'Men, Women & Children (2014) ', 1420880125, 30, '', 0),
(543, 'Blackhat', 1421590779, 31, '', 0),
(544, 'Blackhat (2015)', 1421608643, 32, '', 0),
(545, 'The man in the high castle S01E01', 1421610556, 32, '', 0),
(546, 'Matilda (1996)', 1421947835, 30, '', 0),
(547, 'Birdman', 1422553934, 31, '', 0),
(548, 'Birdman (2014)', 1422558780, 30, '', 1),
(549, 'Time Lapse (2014)', 1422800201, 32, '', 1),
(550, 'Time Lapse (2014)', 1422988388, 30, '', 0),
(551, 'Time Lapse', 1422986400, 31, '', 0),
(552, 'Wild Card (2015)', 1423077434, 32, '', 0),
(553, ' What Maisie Knew (2012)', 1423297188, 30, '', 1),
(554, 'Kingsman. Secret Service (2015)', 1423321516, 32, '', 0),
(555, 'The Book of Life (2014)', 1423429957, 32, '', 0),
(556, 'Inception (2010)', 1423591200, 30, '', 0),
(557, 'Inception', 1423593000, 31, '', 0);

-- --------------------------------------------------------

--
-- Table structure for table `todo`
--

CREATE TABLE IF NOT EXISTS `todo` (
  `id` int(11) NOT NULL AUTO_INCREMENT,
  `name` varchar(255) NOT NULL,
  `user_id` int(11) NOT NULL,
  `timestamp` int(255) NOT NULL,
  `position` int(11) NOT NULL DEFAULT '0',
  PRIMARY KEY (`id`),
  KEY `user_id` (`user_id`)
) ENGINE=InnoDB  DEFAULT CHARSET=utf8 AUTO_INCREMENT=149 ;

--
-- Dumping data for table `todo`
--

INSERT INTO `todo` (`id`, `name`, `user_id`, `timestamp`, `position`) VALUES
(30, 'Супермен', 2, 1388762820, 7),
(39, 'Супермен 2', 2, 1388769963, 1),
(40, 'Супермэн 3', 2, 1388769970, 2),
(41, 'супермен 4', 2, 1388770022, 4),
(43, 'супермен 6', 2, 1388770033, 5),
(53, 'Harry Potter and the Deathly Hallows: Part 2', 31, 1394205535, 0),
(58, 'Pure Fucking Mayhem Full Documentary', 31, 1395557953, 0),
(64, 'Доктор Кто', 34, 1399372466, 0),
(65, 'Doctor Who Classic', 34, 1399372486, 0),
(123, 'ForeBears', 31, 1413373575, 0),
(124, 'Primer', 31, 1413616940, 0),
(128, 'What We Did On Our Holiday ', 30, 1414427076, 100),
(138, 'Matilda The Musical', 30, 1421224459, 6),
(139, 'Metalocalypse', 31, 1421844106, 0),
(140, 'Sense 8', 30, 1422010650, 90),
(141, 'American Psycho (with Matt Smith)', 30, 1422688869, 5),
(142, 'Shaun the Sheep (2015)', 30, 1422688927, 1),
(143, 'Avengers: Age of Ultron (2015)', 30, 1422689122, 7),
(144, 'Star Wars: Episode VII - The Force Awakens', 30, 1422689150, 0),
(145, 'Insurgent', 30, 1422689173, 1),
(146, 'Minions (2015)', 30, 1422689225, 10),
(147, 'Birdman', 32, 1422790129, 0),
(148, 'Gilmore girls', 30, 1423581804, 0);

-- --------------------------------------------------------

--
-- Table structure for table `users`
--

CREATE TABLE IF NOT EXISTS `users` (
  `id` int(11) NOT NULL AUTO_INCREMENT,
  `login` varchar(255) NOT NULL,
  `password` varchar(255) NOT NULL,
  `role` varchar(20) NOT NULL,
  `name` varchar(255) DEFAULT NULL,
  `email` varchar(300) NOT NULL,
  `points` int(11) NOT NULL,
  `activation_key` varchar(255) NOT NULL,
  `active` int(11) NOT NULL,
  `fuid` int(11) NOT NULL,
  `oauth_token` varchar(255) NOT NULL,
  `oauth_token_secret` varchar(255) NOT NULL,
  `fb_token` varchar(700) NOT NULL,
  `vuid` int(100) NOT NULL,
  `sid` varchar(200) NOT NULL,
  PRIMARY KEY (`id`)
) ENGINE=InnoDB  DEFAULT CHARSET=latin1 AUTO_INCREMENT=36 ;

--
-- Dumping data for table `users`
--

INSERT INTO `users` (`id`, `login`, `password`, `role`, `name`, `email`, `points`, `activation_key`, `active`, `fuid`, `oauth_token`, `oauth_token_secret`, `fb_token`, `vuid`, `sid`) VALUES
(1, 'jeremy', '96e79218965eb72c92a549dd5a330112', 'user', 'lilu J', 'liluuu@rt.hj', 0, '', 0, 0, '', '', '', 0, ''),
(2, 'admin', '96e79218965eb72c92a549dd5a330112', 'user', '', '', 4, '', 1, 0, '', '', '', 0, ''),
(25, 'alpha', 'c4efd5020cb49b9d3257ffa0fbccc0ae', 'user', '', '', 0, '', 0, 0, '', '', '', 0, ''),
(26, 'Beta', 'bcbe3365e6ac95ea2c0343a2395834dd', 'user', 'Batty', '', 0, '', 0, 0, '', '', '', 0, ''),
(27, 'Gamma', '1a100d2c0dab19c4430e7d73762b3423', 'user', 'ggg', '', 0, '', 0, 0, '', '', '', 0, ''),
(28, 'Liiii', 'fae0b27c451c728867a567e8c1bb4e53', 'user', 'Lilu', '', 0, '', 0, 0, '', '', '', 0, ''),
(29, 'test', '96e79218965eb72c92a549dd5a330112', 'user', 'test', 'jeremy-l@list.ru', 0, '7510498a2e80424e073d7f01ada2ca72cba11cdb', 0, 0, '', '', '', 0, ''),
(30, 'Jenny', '1f463faa8138efb82d73a29dfac714cc', 'user', 'Jerry Ann', 'anna.brodskaya@gmail.com', 0, '248fb5a4f2dcaf11cc4c82912f01aaaa2fc7166c', 1, 2147483647, '837469027-TNsArD6jvchjZdzpEPOAJKAtPKwrrD3s1DJ76B7r', 'aOWwQC27OIekm6JjVU8tnPmNVTOBJnOstHbCB6HDanNIF', 'CAAIyQ8lZC8mQBAIDXp16BPqHVZB4SwnoffLTCcvSZCaACK6cHIe6qlGAE1aeUVoss7B2ZAhHghIfLbWW4zlLO3mWu8mGnxUmmaefd1x9TsHSTuMmnoCB1Nf9q6zmZADdiR53Vc6ZA3xREcOLn6MJdC1WjmAbUD5K0CqA9PGwjjEZC4sIVsDHio4nubdQUrQk80ZD', 87718467, 'a69d072993aaa2363759e0b098426346b06577c5fdd10fe857172df219f44e8d16999bcc74342d03200e6'),
(31, 'horn', '2dcd87815e9cde6e6c915b3c20952ad7', 'user', 'horn', 'pbogomyagkov@gmail.com', 0, 'b2b5884eb09e61745f9092e3f53d66efb9322ff2', 1, 2147483647, '434823983-8lq0ZAjYPFzPmN0vsJlTEIH6IiEchrp2e4iEQv5d', 'S7iDd0ELQkkxyJdJJ3NOK0L8bZC6up6NKi3sAnh7Rb4dW', 'CAAIyQ8lZC8mQBAO3OcWfeYmozOcGR0WFExujkQgCY5u9he65TaZANubkwhgZAGSD21poDc63oQfJk7SEKxDLuFwOMm5tgxxa7uRyxZC8wcalw8cZBTbmuSjJ69FDHxHZBXbZA4Tn0PpZBHD0TTXEGGMcQ6dVJVkHjoQKkk6Emf1Ecq7HDLE6E1DwWkMRCIG1Jy4jiWeKNRaHI9ZCElh6mogjs', 1490518, '5c89e7191fa8fa30ae47b83751460422228e6041b5a3a08364b354fbd6bd7ec7fa6fe800c1fce8523946a'),
(32, 'artem', '96e79218965eb72c92a549dd5a330112', 'user', 'artem', 'photo-tools@yandex.ua', 0, '6d192d22806e4df7db42af6f6732bbf43001142c', 1, 0, '', '', '', 50072831, '80a0eeb17cd03311a5a31e7ea478cede163be31efb75aad6502e52f0c63570c3434a8b702245504545f02'),
(33, 'Julka', '62c8ad0a15d9d1ca38d5dee762a16e01', 'user', 'Jujulka', 'cossma@mail.ru', 0, '2442256b3b5f3f2d527194c03ffe417466368f29', 1, 0, '', '', '', 0, ''),
(34, 'TEAFI', '22d7fe8c185003c98f97e5d6ced420c7', 'user', 'TEAFI', 'teafi@land.ru', 0, 'e3f9d0cdd878cc94666cc00c4fb151ad27e2888b', 1, 0, '', '', '', 0, ''),
(35, 'ustas', '96e79218965eb72c92a549dd5a330112', 'user', 'Ustas', '', 0, '', 1, 0, '', '', '', 0, '');

--
-- Constraints for dumped tables
--

--
-- Constraints for table `todo`
--
ALTER TABLE `todo`
  ADD CONSTRAINT `todo_ibfk_2` FOREIGN KEY (`user_id`) REFERENCES `users` (`id`) ON DELETE CASCADE ON UPDATE CASCADE;

/*!40101 SET CHARACTER_SET_CLIENT=@OLD_CHARACTER_SET_CLIENT */;
/*!40101 SET CHARACTER_SET_RESULTS=@OLD_CHARACTER_SET_RESULTS */;
/*!40101 SET COLLATION_CONNECTION=@OLD_COLLATION_CONNECTION */;
